종류,훈련교재명,분야
e-book,자동차전기전자장치실기,기계
e-book,자동차섀시실기,기계
e-book,자동차정비사업경영관리,기계
e-book,자동차새시,기계
e-book,자동차정비사업현장관리,기계
e-book,자동차도장실기,기계
e-book,자동차차체정비실기,기계
e-book,자동차기관실기,기계
e-book,자동화시스템제어,기계
e-book,자동차기관,기계
e-book,자동화시스템제어실기,기계
e-book,유체역학,기계
e-book,용접일반,기계
e-book,잠수실기,기계
e-book,잠수일반,기계
e-book,용접설계시공,기계
e-book,재료역학,기계
e-book,용접공학실험실기,기계
e-book,전개도실기,기계
e-book,열역학,기계
e-book,전산응용가공,기계
e-book,에너지설비,기계
e-book,"수중용접, 절단",기계
e-book,전자제어기관,기계
e-book,전자제어섀시,기계
e-book,소화설비실기,기계
e-book,절단가공 및 변형교정실기,기계
e-book,설비진단실기,기계
e-book,설비진단,기계
e-book,정밀측정,기계
e-book,설비관리,기계
e-book,정밀측정실기,기계
e-book,서브머지드아크용접실기,기계
e-book,제관철골구조실기,기계
e-book,산업전기전자,기계
e-book,제관철골구조일반,기계
e-book,산업기계정비실기,기계
e-book,치공구설계,기계
e-book,산업기계정비,기계
e-book,컴퓨터응용설계,기계
e-book,사출금형설계제작실기,기계
e-book,특수용접,기계
e-book,사출금형,기계
e-book,보일러설비실기,기계
e-book,판금공작일반,기계
e-book,보일러 및 용기제작실기,기계
e-book,판금기초실기,기계
e-book,배관설비공학,기계
e-book,판금제작실기,기계
e-book,배관공작실기,기계
e-book,프레스금형,기계
e-book,머시닝센터응용실기-SYSTEM 100M,기계
e-book,프레스금형 실기,기계
e-book,머시닝센터응용실기(FANUC),기계
e-book,플랜트배관실무,기계
e-book,머시닝센터기초실기-SYSTEM 100M,기계
e-book,머시닝센터기초실기(FANUC),기계
e-book,로봇용접실기,기계
e-book,피복아크용접실기,기계
e-book,농업기계정비,기계
e-book,화공계측제어실기,기계
e-book,냉동기계실기,기계
e-book,화공열역학,기계
e-book,냉동기계,기계
e-book,화공제도실기,기계
e-book,기초공업화학,기계
e-book,화학공정공업이론,기계
e-book,기구학,기계
e-book,기계조립가공실기,기계
e-book,기계제작법,기계
e-book,기계제어공학,기계
e-book,한국직업방송 소개,산업디자인
e-book,기계제도실기,기계
e-book,기계제도,기계
e-book,기계전기전자기초실기,기계
e-book,기계재료,기계
e-book,기계요소설계,기계
e-book,기계공작법,기계
e-book,3D CAD-SolidWorks 실기,산업디자인
e-book,기계가공응용실기,기계
e-book,3D 모델링 실무,산업디자인
e-book,급배수 및 위생기구설치 실기,기계
e-book,공공디자인실무,산업디자인
e-book,금형공작법,기계
e-book,디자인개론,산업디자인
e-book,금속가공실기,기계
e-book,NEW그린카,기계
e-book,디자인 기초표현실기,산업디자인
e-book,굴삭기운전실기,기계
e-book,커뮤니케이션 디자인을 위한 디자인아이디어발상,산업디자인
e-book,공차론,기계
e-book,디자인제도및응용,산업디자인
e-book,공작기계실기,기계
e-book,모델링이론,산업디자인
e-book,공유압제어실기,기계
e-book,모형제작실기,산업디자인
e-book,공유압,기계
e-book,색채학,산업디자인
e-book,공업배관설비실기,기계
e-book,실내디자인일반,산업디자인
e-book,공업배관설비,기계
e-book,제품디자이너를 위한 IDEA발상,산업디자인
e-book,공업계측제어실기,기계
e-book,공업계측제어,기계
e-book,컴퓨터그래픽스개론,산업디자인
e-book,공기조화설비실기,기계
e-book,컴퓨터그래픽스 디자인 실기,산업디자인
e-book,고압가스화학,기계
e-book,건설기계차체정비 실기,기계
e-book,건설기계차체,기계
e-book,편집디자이너를위한 Qurak Xpress 4,산업디자인
e-book,건설기계-토공 적하,기계
e-book,스크린인쇄,산업응용
e-book,악기이론,산업응용
e-book,가스텅스텐아크용접실기,기계
e-book,악기조정,산업응용
e-book,악기조정이론,산업응용
e-book,오프셋인쇄,산업응용
e-book,가스용접실기,기계
e-book,오프셋인쇄실기,산업응용
e-book,인쇄일반,산업응용
e-book,인쇄재료,산업응용
e-book,가스메탈아크용접실기,기계
e-book,전자출판,산업응용
e-book,Unigraphics NX MOLD실기,기계
e-book,피아노제조실기,산업응용
e-book,Unigraphics NX MODELING실기,기계
e-book,피아노조율실기,산업응용
e-book,Unigraphics NX CAM실기,기계
e-book,패션일러스트레이션(Fashion Illustration)실기,섬유
e-book,PLC제어실기,기계
e-book,PLC공압제어실기,기계
e-book,기초재봉실기,섬유
e-book,CO2용접실기,기계
e-book,날염학,섬유
e-book,CNC와이어컷방전가공기실기,기계
e-book,방적,섬유
e-book,CNC선반응용실기(SYSTEM 100L),기계
e-book,방적실기,섬유
e-book,CNC선반응용실기(FANUC),기계
e-book,서양복식문화사,섬유
e-book,CNC선반기초실기(SYSTEM 100L),기계
e-book,섬유가공,섬유
e-book,CNC선반기초실기(FANUC),기계
e-book,섬유시험실기,섬유
e-book,CNC 공작법,기계
e-book,섬유염색가공실기,섬유
e-book,Cimatron E를 이용한 Modeling & CAM 실기,기계
e-book,섬유재료,섬유
e-book,CAD/CAM개론,기계
e-book,섬유제품 공정실무,섬유
e-book,CAD -AutoCAD 실기,기계
e-book,섬유화학,섬유
e-book,3D CAD,기계
e-book,양복실기,섬유
e-book,염색시험실기,섬유
e-book,3D CAD -inventor 실기,기계
e-book,2D Auto CAD 2014,기계
e-book,염색학,섬유
e-book,표면처리일반,금속
e-book,의류상품학,섬유
e-book,표면처리실기,금속
e-book,의복구성,섬유
e-book,표면처리기초실기,금속
e-book,의복구성실기,섬유
e-book,특수도금,금속
e-book,주조실기,금속
e-book,의복설계를위한체형학,섬유
e-book,제직,섬유
e-book,주조공학,금속
e-book,제직실기,섬유
e-book,직물분해설계실기,섬유
e-book,정밀주조실기,금속
e-book,직조실기,섬유
e-book,전기도금,금속
e-book,텍스타일프린팅실기,섬유
e-book,재료시험,금속
e-book,패션디자인,섬유
e-book,원형제작실기,금속
e-book,패션디자인실기,섬유
e-book,원형제작,금속
e-book,패션상품개발을위한 FASHION & COLOR,섬유
e-book,열처리실기,금속
e-book,편물,섬유
e-book,비파괴검사2,금속
e-book,편물실기,섬유
e-book,비파괴검사1,금속
e-book,한복개론,위생
e-book,반도체표면처리실기,금속
e-book,반도체표면처리,금속
e-book,한복실기,섬유
e-book,금속조직학,금속
e-book,미용실기,위생
e-book,금속조직시험실기,금속
e-book,이용실기,위생
e-book,종합미용,위생
e-book,금속재료,금속
e-book,종합이용,위생
e-book,금속열처리실무,금속
e-book,금속열처리,금속
e-book,피부미용실기,위생
e-book,양식조리실기,음식료품
e-book,금속열역학,금속
e-book,일식조리실기,음식료품
e-book,금속시뮬레이션,금속
e-book,제과 실기 -국가직무능력 활용,음식료품
e-book,금속강도학,금속
e-book,현대사회의 직업생활,공통
e-book,제과제빵,음식료품
e-book,특허법일반,공통
e-book,제빵 실기 -국가직무능력 활용,음식료품
e-book,컴퓨터,공통
e-book,조리,음식료품
e-book,"컴맹도따라하면된다(엑셀,파워포인트)",공통
e-book,컴맹도 따라하면 된다(기초 인터넷 한글),공통
e-book,한식조리실기,음식료품
e-book,체육과건강,공통
e-book,Elect - CAD실기,전기
e-book,창업홀로서기,공통
e-book,PLC기초실기,PLC
e-book,작업관리,공통
e-book,PLC실기,전기
e-book,원가관리,공통
e-book,계장제어공학,전기
e-book,스마트경쟁시대의 생산경영,공통
e-book,센서공학,전기
e-book,쉽고빠르게 인터넷 한글 배우기,공통
e-book,시퀀스제어실기,전기
e-book,쉽고빠르게 엑셀 파워포인트배우기(2003버전),공통
e-book,쉽게알자! 엑셀파워포인트2007,공통
e-book,자동차전기전자장치,기계
e-book,설비예방관리,공통
e-book,산업보건관리,공통
e-book,산업및조직심리학,공통
e-book,신재생에너지실기,전기
e-book,비즈니스매너,공통
e-book,자동제어공학,전기
e-book,비서사무실무,공통
e-book,자동제어실기,전기
e-book,기초공학,공통
e-book,근로자작업환경관리,공통
e-book,New College English,공통
e-book,English Laboratory,공통
e-book,칠보공예실기,공예
e-book,칠보공예기초,공예
e-book,주얼리 디자인을 위한 CAD -Rhino 3D,공예
e-book,전기기기,전기
e-book,자수공예이론,공예
e-book,전기기기실기,전기
e-book,수자수공예실기,공예
e-book,전기기초실기,전기
e-book,석공예이론,공예
e-book,전기내선공사실기,전기
e-book,석공예실기,공예
e-book,보석가공실기,공예
e-book,전기설비,전기
e-book,보석가공,공예
e-book,전기외선공사실기,전기
e-book,보석,공예
e-book,전기응용,전기
e-book,전기이론,전기
e-book,목재료 및 공작,공예
e-book,전기자기,전기
e-book,목공예실기,공예
e-book,전력,전기
e-book,도자기공예실기,공예
e-book,전력전자,전기
e-book,전력전자실기,전기
e-book,회로이론,전기
e-book,도자기공예,공예
e-book,OrCAD실기(16.X),전자
e-book,다이아몬드,공예
e-book,RFID USN,전자
e-book,나전칠기이론,공예
e-book,디지털공학,전자
e-book,나전칠기실기,공예
e-book,기계자수공예실기,공예
e-book,디지털회로실기,전자
e-book,금속도장실기,공예
e-book,마이크로프로세서 실기,전자
e-book,금속도장,공예
e-book,아두이노를 이용한 마이크로프로세서 실기,전자
e-book,귀금속정밀주조실기,공예
e-book,귀금속재료,공예
e-book,전자공학,전자
e-book,귀금속디자인,공예
e-book,전자응용,전자
e-book,귀금속공예실기,공예
e-book,전자회로실기,전자
e-book,귀금속가공,공예
e-book,선박기관정비,조선
e-book,공예일반,공예
e-book,선박기관정비실기,조선
e-book,가구제작실기,공예
e-book,선박보조기계,조선
e-book,철근콘크리트,건축
e-book,온수온돌실기,건축
e-book,조선공학일반이론,조선
e-book,온수온돌,건축
e-book,교환시스템구축,통신
e-book,실내건축설계실기,건축
e-book,목재가공실기,건축
e-book,NCS기반교재 구내통신 구축실무,통신
e-book,네트워크구축실기,통신
e-book,목재가공,건축
e-book,도배실무,건축
e-book,디지털멀티미디어,통신
e-book,무선통신시스템,통신
e-book,안드로이드스마트폰프로그래밍,통신
e-book,건축일반,건축
e-book,정보통신선로설비,통신
e-book,정보통신시스템,통신
e-book,건축시공,건축
e-book,건축배관,건축
e-book,정보통신일반,통신
e-book,건축도장,건축
e-book,건축기초실기,건축
e-book,거푸집,건축
e-book,게임 그래픽스,산업디자인
e-book,신재생에너지,전기
pdf,정보통신일반2015,통신
pdf,전자회로실기2015,전자
pdf,전기기초실기2015,전기
pdf,전기기기2015,전기
pdf,아두이노를 이용한 마이크로프로세서,전자
pdf,시퀀스제어실기2015,전기
pdf,보석,공예
pdf,디자인개론2015,산업디자인
pdf,디자인 기초표현실기,산업디자인
pdf,다이아몬드,공예
pdf,기초공학2015,공통
pdf,기계재료2015,기계
pdf,ORCAD실기2015,전자
pdf,CNC공작법2015,기계
pdf,자동차섀시실기,기계
pdf,자동차차체정비실기,기계
pdf,자동차도장실기,기계
pdf,피복아크용접실기,기계
pdf,CO2용접실기,기계
pdf,가스텅스텐아크용접실기,기계
pdf,가스메탈아크용접실기,기계
pdf,기계제도,기계
pdf,기계제도실기,기계
pdf,플랜트배관실무,기계
pdf,특허법일반,공통
pdf,전기외선공사실기,전기
pdf,로봇용접실기,기계
pdf,금속열처리실무,금속
pdf,근로자 작업환경 관리,공통
pdf,구내통신구축실무,통신
pdf,교환시스템구축,통신
pdf,머시닝센터응용실기-SYSTEM 100M,기계
pdf,디자인제도및응용,산업디자인
pdf,한식조리실기,음식료품
pdf,한복개론,섬유
pdf,프레스금형,기계
pdf,편집디자이너를위한 Qurak Xpress 4,산업디자인
pdf,편물실기,섬유
pdf,패션상품개발을위한 FASHION & COLOR,섬유
pdf,특수용접,기계
pdf,텍스타일프린팅 실기,섬유
pdf,컴퓨터그래픽스 디자인 실기,산업디자인
pdf,컴퓨터개론그래픽스,산업디자인
pdf,컴맹도따라하면할수있다 -기초 인터넷 한글,공통
pdf,칠보공예기초,공예
pdf,제관.철골구조일반,기계
pdf,전자출판,산업응용
pdf,전자제어기관,기계
pdf,전력전자,전기
pdf,전기응용,전기
pdf,전기기기실기,전기
pdf,전기기기,전기
pdf,작업관리,공통
pdf,서브머지드아크용접실기,기계
pdf,의복설계를위한 체형학,섬유
pdf,의류상품학,섬유
pdf,염색학,섬유
pdf,안드로이드스마트폰프로그래밍,통신
pdf,신재생에너지,전기
pdf,쉽고빠르게인터넷한글배우기,공통
pdf,쉽게알자! 엑셀파워포인트2007,공통
pdf,섬유화학,섬유
pdf,섬유제품공정실무,섬유
pdf,석공예이론,공예
pdf,서양복식문화사,섬유
pdf,색채학,산업디자인
pdf,산업전기전자,기계
pdf,산업기계정비실기,기계
pdf,무선통신시스템,통신
pdf,목재료 및 공작,공예
pdf,목재가공실기,건축
pdf,머시닝센터응용실기,기계
pdf,머시닝센터기초실기-SYSTEM 100M,기계
pdf,디지털멀티미디어,통신
pdf,디자인아이디어발상,산업디자인
pdf,디자인개론,산업디자인
pdf,냉동기계,기계
pdf,나전칠기실기,공예
pdf,기초재봉실기,섬유
pdf,기계재료,기계
pdf,금속가공실기,기계
pdf,계장제어공학,전기
pdf,게임그래픽스,산업디자인
pdf,건축도장,건축
pdf,PLC기초실기,전기
pdf,e캐드실기,전기
pdf,CNC선반응용실기-100L,기계
pdf,CNC선반응용실기,기계
pdf,CNC선반기초실기 -100L,기계
pdf,CNC선반기초실기,기계
pdf,Cimatron E를 이용한 Modeling & CAM 실기,기계
pdf,2D Auto CAD 2014,기계
pdf,귀금속디자인,공예
pdf,CAD -AutoCAD 실기,기계
pdf,건축배관,건축
pdf,RFID-USN,전자
pdf,PLC실기,전기
pdf,ORCAD 실기,전자
pdf,신재생에너지 실기,전기
pdf,보석감별 -보석학 일반 및 보석 감별법,공예
pdf,마이크로 프로세서 실기,전자
pdf,"건축시공 -조적,미장,타일,방수",건축
pdf,한복실기,섬유
pdf,섬유재료,섬유
pdf,용접일반,기계
pdf,인쇄일반,산업응용
pdf,에너지 설비,기계
pdf,실습도면으로 쉽게 따라 배우는 2D Auto CAD -2014 Ver,기계
pdf,자동제어실기,전기
pdf,스마트폰 애플리케이션 기획 및 개발,통신
pdf,자동차 전기전자장치 실기,기계
pdf,센서공학,전기
pdf,설비예방관리,공통
pdf,자동차기관,기계
pdf,사출금형이론,기계
pdf,사출금형설계제작실기,기계
pdf,자동차기관실기,기계
pdf,사출금형,기계
pdf,자동차섀시,기계
pdf,비파괴검사2,금속
pdf,비파괴검사1,금속
pdf,비즈니스매너,공통
pdf,비서사무실무,공통
pdf,자동차전기전자장치이론,기계
pdf,보석가공실기,공예
pdf,자동차정비사업 경영관리,기계
pdf,자동차정비사업 현장관리,기계
pdf,미용실기,위생
pdf,목재가공,건축
pdf,자동화시스템제어이론,기계
pdf,재료시험,금속
pdf,전기기초실기,전기
pdf,디지털 회로 실기,전자
pdf,전기설비,전기
pdf,디자인 기초실기,산업디자인
pdf,전력전자실기,전기
pdf,도배실무 이론,건축
pdf,전자공학,전자
pdf,기초공학,공통
pdf,기계공작법,기계
pdf,다이아몬드 감정,공예
pdf,급배수 및 위생기구설치 실기,기계
pdf,전자응용,전자
pdf,정보통신선로설비,통신
pdf,정보통신시스템,통신
pdf,정보통신일반,통신
pdf,제과 실기 -국가직무능력 활용,음식료품
pdf,제빵 실기 -국가직무능력 활용,음식료품
pdf,제품디자이너를 위한 IDEA발상,산업디자인
pdf,종합미용,위생
pdf,네트워크구축실기,통신
pdf,주얼리 디자인을 위한 CAD -Rhino 3D,공예
pdf,지식기반 경제사회을 위한 스토리 텔링 생산경영,공통
pdf,냉동기계실기,기계
pdf,기초전자실기,전자
pdf,창업 홀로서기,공통
pdf,철근콘크리트,건축
pdf,기초에서 응용까지 안드로이드 스마트폰 프로그래밍,통신
pdf,표면처리일반,금속
pdf,기계조립가공 실기,기계
pdf,프레스금형 실기,기계
pdf,기계요소설계,기계
pdf,피부미용 실기,위생
pdf,현대사회의 직업생활,공통
pdf,금형공작법,기계
pdf,금속조직시험실기,금속
pdf,금속재료,금속
pdf,뉴그린카,기계
pdf,귀금속정밀주조실기,공예
pdf,귀금속재료,공예
pdf,귀금속공예실기,공예
pdf,귀금속가공,공예
pdf,공작기계실기,기계
pdf,공공디자인실무 -Public Design Practice,산업디자인
pdf,건축일반,건축
pdf,건축기초실기,건축
pdf,거푸집,건축
pdf,가스용접실기,기계
pdf,3D CAD -inventor 실기,기계
pdf,3D 모델링 실무,산업디자인
pdf,머시닝센터 기초실기,기계
pdf,회로이론,전기
pdf,화학공정공업이론,기계
pdf,화공제도실기,기계
pdf,화공열역학,기계
pdf,화공계측제어실기,기계
pdf,피아노조율실기,산업응용
pdf,피아노제조실기,산업응용
pdf,표면처리실기,금속
pdf,표면처리기초실기,금속
pdf,편물,섬유
pdf,패션디자인,섬유
pdf,패션디자인 실기,섬유
pdf,판금제작실기,기계
pdf,판금기초실기,기계
pdf,판금공작일반,기계
pdf,특수도금,금속
pdf,컴퓨터응용설계,기계
pdf,컴퓨터,공통
pdf,칠보공예 실기,공예
pdf,치공구설계,기계
pdf,체육과 건강,공통
pdf,직조실기,섬유
pdf,직물분해설계실기,섬유
pdf,주조실기,금속
pdf,주조공학,금속
pdf,종합이용,위생
pdf,조선공학일반이론,조선
pdf,조리,음식료품
pdf,제직실기,섬유
pdf,제직,섬유
pdf,제과제빵,음식료품
pdf,정밀측정실기,기계
pdf,정밀측정,기계
pdf,정밀주조실기,금속
pdf,절단가공 및 변형교정실기,기계
pdf,전자회로실기,전자
pdf,전산응용가공,기계
pdf,전력,전기
pdf,전기자기,전기
pdf,전기이론,전기
pdf,전기도금,금속
pdf,전기내선공사실기,전기
pdf,전개도 실기,기계
pdf,재료역학,기계
pdf,잠수일반,기계
pdf,잠수실기,기계
pdf,자수공예이론,공예
pdf,자동화시스템 제어,기계
pdf,자동화시스템 제어실기,기계
pdf,자동제어공학,전기
pdf,일식조리실기,음식료품
pdf,인쇄재료,산업응용
pdf,이용실기,위생
pdf,의복구성실기,섬유
pdf,의복구성,섬유
pdf,유체역학,기계
pdf,원형제작실기,금속
pdf,원형제작,금속
pdf,원가관리,공통
pdf,용접설계시공,기계
pdf,용접공학실험실기,기계
pdf,온수온돌실기,건축
pdf,온수온돌,건축
pdf,오프셋인쇄실기,산업응용
pdf,오프셋인쇄,산업응용
pdf,염색시험실기,섬유
pdf,열처리실기,금속
pdf,열역학,기계
pdf,양식조리실기,음식료품
pdf,양복실기,섬유
pdf,악기조정,산업응용
pdf,악기이론,산업응용
pdf,실내디자인 일반,산업디자인
pdf,실내건축설계실기,건축
pdf,시퀀스제어실기,전기
pdf,스크린인쇄,산업응용
pdf,수중용접 절단,기계
pdf,수자수공예실기,공예
pdf,소화설비실기,기계
pdf,섬유염색가공실기,섬유
pdf,섬유시험실기,섬유
pdf,섬유가공,섬유
pdf,설비진단실기,기계
pdf,설비진단,기계
pdf,설비관리,기계
pdf,선박보조기계,조선
pdf,선박기관정비실기,조선
pdf,선박기관정비,조선
pdf,석공예실기,공예
pdf,산업보건관리,공통
pdf,산업기계정비,기계
pdf,산업 및 조직 심리학,공통
pdf,보일러 및 용기제작실기,기계
pdf,보석가공,공예
pdf,배관설비공학,기계
pdf,배관공작실기,기계
pdf,방적실기,섬유
pdf,방적,섬유
pdf,반도체표면처리실기,금속
pdf,반도체표면처리,금속
pdf,목공예실기,공예
pdf,모형제작실기,산업디자인
pdf,모델링이론,산업디자인
pdf,디지털공학,전자
pdf,도자기공예실기,공예
pdf,도자기공예,공예
pdf,농업기계정비,기계
pdf,날염학,섬유
pdf,나전칠기이론,공예
pdf,기초공업화학,기계
pdf,기구학,기계
pdf,기계제작법,기계
pdf,기계제어공학,기계
pdf,기계전기전자기초실기,기계
pdf,기계자수공예실기,공예
pdf,기계가공응용실기,기계
pdf,금속조직학,금속
pdf,금속열처리,금속
pdf,금속열역학,금속
pdf,금속시뮬레이션,금속
pdf,금속도장실기,공예
pdf,금속도장,공예
pdf,금속강도학,금속
pdf,굴삭기운전실기,기계
pdf,공차론,기계
pdf,공유압제어실기,기계
pdf,공유압,기계
pdf,공예일반,공예
pdf,공업영어,공통
pdf,공업수학,공통
pdf,공업배관설비실기,기계
pdf,공업배관설비,기계
pdf,공업계측제어실기,기계
pdf,공업계측제어,기계
pdf,공기조화설비실기,기계
pdf,고압가스화학,기계
pdf,건설기계차체정비 실기,기계
pdf,건설기계차체,기계
pdf,건설기계-토공 적하,기계
pdf,가전기기제품수리실기,전자
pdf,가구제작실기,공예
pdf,Unigraphics NX MOLD실기,기계
pdf,Unigraphics NX MODELING실기,기계
pdf,Unigraphics NX CAM실기,기계
pdf,PLC제어실기,기계
pdf,PLC공압제어실기,기계
pdf,New College English,공통
pdf,Fashion Illustration,섬유
pdf,3D CAD-SolidWorks 실기,기계
pdf,English Laboratory,공통
pdf,CNC 공작법,기계
pdf,CAD CAM 개론,기계
PPT,에너지설비(PPT),에너지
PPT,컴퓨터그래픽스 개론(PPT),컴퓨터
PPT,정보통신일반(PPT),정보통신
PPT,전자회로실기(PPT),전자회로
PPT,전기기초실기(PPT),전기기초
PPT,전기기기(PPT),전기기기
PPT,시퀀스제어실기(PPT),시퀀스
PPT,보석(PPT),보석
PPT,마이크로프로세서 실기(PPT),전자회로
PPT,디자인기초표현실기(PPT),디자인
PPT,디자인개론(PPT),디자인
PPT,다이아몬드(PPT),보석
PPT,기초공학(PPT),공학
PPT,기계재료(PPT),기계
PPT,Or CAD 16.X(PPT),캐드
PPT,CNC공작법(PPT),CNC
PPT,지열(PPT),지열
PPT,정보통신 일반(PPT),정보통신
